date	platform	profile	version	build	commit	in_repo	on_main
2024-04-29	ios	production	0.0.1	1	72e010407c	no	no
2024-04-30	ios	production	0.0.1	1	72e010407c	no	no
2024-04-30	ios	production	0.0.1	1	e4ea103a58	no	no
2024-04-30	ios	production	0.0.1	3	e4ea103a58	no	no
2024-04-30	ios	production	0.0.1	3	e4ea103a58	no	no
2024-05-01	ios	production	0.0.1	4	e4ea103a58	no	no
2024-05-01	ios	production	0.0.1	5	e4ea103a58	no	no
2024-05-01	ios	production	0.0.1	6	e4ea103a58	no	no
2024-08-28	ios	production	0.0.1	6	b897bd674e	no	no
2024-08-28	ios	production	0.0.1	7	8e75314396	no	no
2024-08-30	ios	production	0.0.1	7	2e429eb897	no	no
2024-08-30	ios	production	0.0.1	7	23e96bc646	no	no
2024-08-30	ios	production	0.0.1	7	c831dded30	no	no
2024-08-31	ios	production	0.0.1	9	0f44a74958	no	no
2024-08-31	ios	production	0.0.1	9	f622e06cb9	no	no
2024-08-31	ios	production	0.0.1	10	f622e06cb9	no	no
2024-09-01	ios	production	0.0.1	10	7bd0a463b7	no	no
2024-09-01	ios	production	0.0.1	11	7bd0a463b7	no	no
2024-09-01	ios	production	0.0.1	12	7bd0a463b7	no	no
2024-09-02	ios	production	0.0.1	13	705bed847b	no	no
2024-09-02	ios	production	0.0.1	13	5121beb573	no	no
2024-09-02	ios	production	0.0.1	14	5121beb573	no	no
2024-09-02	ios	production	0.0.1	14	35b2b7cd42	no	no
2024-09-02	ios	production	0.0.1	15	35b2b7cd42	no	no
2024-09-03	ios	production	0.0.1	16	afe5e3b084	no	no
2024-09-04	ios	production	0.0.1	17	0d7c9b6d56	no	no
2024-09-04	ios	production	0.0.1	18	91f752b8e4	no	no
2024-09-04	ios	production	0.0.1	18	e8df0c6a77	no	no
2024-09-10	ios	production	0.0.1	19	c16f09ba50	no	no
2024-09-11	ios	production	0.0.1	20	14fdb0ed00	no	no
2024-09-11	ios	production	0.0.1	21	14fdb0ed00	no	no
2024-09-11	ios	production	0.0.1	22	e4dc89ed11	no	no
2024-09-12	ios	production	0.0.1	23	9741aa4b39	no	no
2024-09-14	ios	production	0.0.1	23	fe21e699e3	no	no
2024-09-14	ios	production	0.0.1	24	fe21e699e3	no	no
2024-09-15	ios	production	0.0.1	25	aee96a7bfe	no	no
2024-09-15	ios	production	0.0.1	26	aee96a7bfe	no	no
2024-09-16	android	production	0.0.1	1	e5447122f6	no	no
2024-09-16	android	preview	0.0.1	1	e5447122f6	no	no
2024-09-16	ios	preview	0.0.1	24	106d962248	no	no
2024-09-16	android	preview	0.0.1	1	106d962248	no	no
2024-10-05	ios	production	0.0.1	26	ec6981d4f9	no	no
2024-10-11	ios	production	0.0.1	28	2534b9a39b	no	no
2024-10-11	ios	production	0.0.1	28	2534b9a39b	no	no
2024-10-11	ios	production	0.0.1	30	d4f16d369d	no	no
2024-10-11	ios	production	0.0.1	31	fb4f09c930	no	no
2024-10-13	ios	production	0.0.1	32	fb4f09c930	no	no
2024-10-17	android	production	0.0.1	1	6db22a4c1d	no	no
2024-10-17	ios	production	0.0.1	32	6db22a4c1d	no	no
2024-10-17	ios	production	0.0.1	33	6db22a4c1d	no	no
2024-10-17	android	preview	0.0.1	1	6db22a4c1d	no	no
2024-10-17	android	preview	0.0.1	1	771491dfcd	no	no
2024-12-10	android	preview	0.0.1	1	956439d69c	no	no
2024-12-10	android	preview	0.0.1	1	956439d69c	no	no
2024-12-10	android	preview	0.0.1	1	956439d69c	no	no
2024-12-11	android	preview	0.0.1	1	956439d69c	no	no
2024-12-24	ios	production	0.0.1	33	e5e31656e1	no	no
2024-12-24	ios	production	0.0.1	34	1f2a623fa7	no	no
2024-12-24	ios	production	0.0.1	34	1f2a623fa7	no	no
2024-12-24	ios	production	0.0.1	34	1f2a623fa7	no	no
2024-12-24	ios	production	0.0.1	35	1f2a623fa7	no	no
2024-12-24	ios	production	0.0.1	36	1f2a623fa7	no	no
2024-12-24	ios	production	0.0.1	37	1f2a623fa7	no	no
2024-12-24	ios	production	0.0.1	38	1f2a623fa7	no	no
2024-12-24	ios	production	0.0.1	40	1f2a623fa7	no	no
2024-12-24	ios	production	0.0.1	41	1f2a623fa7	no	no
2024-12-24	ios	production	0.0.1	42	1f2a623fa7	no	no
2024-12-25	ios	production	0.0.1	44	1f2a623fa7	no	no
2024-12-25	ios	production	0.0.1	45	1f2a623fa7	no	no
2024-12-25	ios	production	0.0.1	46	1f2a623fa7	no	no
2024-12-25	ios	production	0.0.1	48	1f2a623fa7	no	no
2024-12-25	android	preview	0.0.1	1	1f2a623fa7	no	no
2024-12-25	ios	production	0.0.1	49	2a6c86bb02	no	no
2024-12-25	android	preview	0.0.1	1	2a6c86bb02	no	no
2024-12-25	android	preview	0.0.1	1	d4feb203f4	no	no
2024-12-25	ios	production	0.0.1	50	d4feb203f4	no	no
2024-12-25	ios	production	0.0.1	51	d4feb203f4	no	no
2024-12-25	ios	production	0.0.1	52	d4feb203f4	no	no
2024-12-25	android	preview	0.0.1	1	d4feb203f4	no	no
2024-12-25	android	preview	0.0.1	1	d4feb203f4	no	no
2024-12-25	android	preview	0.0.1	1	d4feb203f4	no	no
2024-12-25	ios	production	0.0.1	54	d4feb203f4	no	no
2024-12-26	ios	production	0.0.1	55	28717f71fe	no	no
2024-12-26	android	preview	0.0.1	1	038697f3f9	no	no
2025-01-12	ios	production	0.0.1	56	1a689d9a93	no	no
2025-01-13	ios	production	0.0.1	57	5ca8dfea1e	no	no
2025-01-13	ios	production	0.0.1	60	5ca8dfea1e	no	no
2025-01-13	ios	production	0.0.1	61	5ca8dfea1e	no	no
2025-01-13	ios	production	0.0.1	63	8d5841f7ba	no	no
2025-01-14	ios	production	0.0.1	64	b1922ad248	no	no
2025-01-14	ios	production	0.0.1	65	b1922ad248	no	no
2025-01-14	ios	production	0.0.1	66	b1922ad248	no	no
2025-01-14	ios	production	0.0.1	66	b1922ad248	no	no
2025-01-18	ios	production	0.0.1	67	0912011584	no	no
2025-01-18	ios	production	0.0.1	68	3092383076	no	no
2025-01-18	ios	production	0.0.1	69	3092383076	no	no
2025-01-18	ios	production	0.0.1	69	2f9b46cb6a	no	no
2025-01-20	ios	production	0.0.1	70	2f9b46cb6a	no	no
2025-01-21	ios	production	0.0.1	71	2f9b46cb6a	no	no
2025-02-04	ios	production	0.0.1	71	eb83c0b965	yes	yes
2025-02-04	ios	production	0.0.1	75	eb83c0b965	yes	yes
2025-02-04	android	preview	0.0.1	1	eb83c0b965	yes	yes
2025-02-04	ios	production	0.0.1	76	eb83c0b965	yes	yes
2025-02-04	android	preview	0.0.1	1	eb83c0b965	yes	yes
2025-02-12	ios	production	0.0.1	81	7b7429ec36	no	no
2025-02-15	ios	production	0.0.1	82	04ce74a63e	no	no
2025-03-18	ios	production	0.0.1	96	26ae57965b	no	no
2025-03-18	ios	production	0.0.1	97	26ae57965b	no	no
2025-03-19	ios	production	0.0.1	98	26ae57965b	no	no
2025-03-19	ios	production	0.0.1	99	26ae57965b	no	no
2025-03-19	ios	production	0.0.1	100	26ae57965b	no	no
2025-03-20	ios	production	0.0.1	100	15ff763741	no	no
2025-03-20	ios	production	0.0.1	100	15ff763741	no	no
2025-03-21	ios	production	0.0.1	100	15ff763741	no	no
2025-03-21	ios	production	0.0.1	103	15ff763741	no	no
2025-03-21	ios	production	0.0.1	104	15ff763741	no	no
2025-03-21	ios	production	0.0.1	107	15ff763741	no	no
2025-03-22	ios	production	0.0.1	108	15ff763741	no	no
2025-03-22	ios	production	0.0.1	110	abd773f173	no	no
2025-03-22	ios	production	0.0.1	111	abd773f173	no	no
2025-03-22	ios	production	0.0.1	112	abd773f173	no	no
2025-03-22	ios	production	0.0.1	113	abd773f173	no	no
2025-03-23	ios	production	0.0.1	114	abd773f173	no	no
2025-03-23	ios	production	0.0.1	115	abd773f173	no	no
2025-03-23	ios	production	0.0.1	116	abd773f173	no	no
2025-03-23	ios	production	0.0.1	117	abd773f173	no	no
2025-03-23	ios	production	0.0.1	118	abd773f173	no	no
2025-03-23	ios	production	0.0.1	119	abd773f173	no	no
2025-03-23	ios	production	0.0.1	120	abd773f173	no	no
2025-03-23	ios	production	0.0.1	121	abd773f173	no	no
2025-03-23	ios	production	0.0.1	121	abd773f173	no	no
2025-03-23	ios	production	0.0.1	123	abd773f173	no	no
2025-03-23	ios	production	0.0.1	125	abd773f173	no	no
2025-03-24	ios	production	0.0.1	126	2d2d0e257a	no	no
2025-03-24	ios	production	0.0.1	130	2d2d0e257a	no	no
2025-03-25	ios	production	0.0.1	125	6831772f22	no	no
2025-03-25	ios	production	0.0.1	125	6831772f22	no	no
2025-03-25	ios	production	0.0.1	132	6831772f22	no	no
2025-03-28	ios	production	0.0.1	135	0d06448333	no	no
2025-03-29	ios	production	0.0.1	140	47afc7bf63	no	no
2025-03-29	ios	production	0.0.1	141	55543261a8	no	no
2025-03-30	ios	production	0.0.1	142	0ef36580d2	no	no
2025-03-30	ios	production	0.0.1	143	73e4a1f3b4	no	no
2025-03-30	ios	production	0.0.1	144	73e4a1f3b4	no	no
2025-03-30	ios	production	0.0.1	145	73e4a1f3b4	no	no
2025-03-30	ios	production	0.0.1	146	73e4a1f3b4	no	no
2025-03-30	ios	production	0.0.1	150	73e4a1f3b4	no	no
2025-03-30	ios	production	0.0.1	155	73e4a1f3b4	no	no
2025-03-30	ios	production	0.0.1	160	73e4a1f3b4	no	no
2025-04-02	ios	production	0.0.1	168	f25b14786f	no	no
2025-04-09	ios	production	0.0.1	173	5a3ce8d358	no	no
2025-04-10	ios	production	0.0.1	180	05fa7b2644	no	no
2025-04-11	ios	production	0.0.1	181	940db89c21	no	no
2025-04-15	ios	production	0.0.1	181	940db89c21	no	no
2025-04-15	ios	production	0.0.1	182	940db89c21	no	no
2025-04-15	ios	production	0.0.1	182	940db89c21	no	no
2025-04-21	ios	production	0.0.1	184	f1ddf02d34	yes	yes
2025-04-22	ios	production	0.0.1	185	a5c861bbc5	yes	yes
2025-04-22	ios	production	0.0.1	186	dbcddf0745	yes	yes
2025-04-22	ios	production	0.0.1	188	dbcddf0745	yes	yes
2025-04-22	ios	production	0.0.1	190	dbcddf0745	yes	yes
2025-04-23	ios	production	0.0.1	190	062ddaa4f1	yes	yes
2025-04-23	ios	production	0.0.1	190	011e1fb476	yes	yes
2025-04-23	ios	production	0.0.2	2	011e1fb476	yes	yes
2025-04-24	ios	production	0.0.2	2	ae08461e89	yes	yes
2025-04-24	ios	production	0.0.2	3	0fa1e397b1	yes	yes
2025-04-24	ios	production	0.0.2	3	ee709811c5	yes	yes
2025-04-24	ios	production	0.0.2	4	ee709811c5	yes	yes
2025-04-27	ios	production	0.0.2	6	d46779255f	yes	yes
2025-04-27	ios	production	0.0.1	200	d46779255f	yes	yes
2025-04-27	ios	production	0.0.1	201	d46779255f	yes	yes
2025-04-28	ios	production	0.0.1	202	d46779255f	yes	yes
2025-04-28	ios	production	0.0.1	203	d46779255f	yes	yes
2025-04-28	ios	production	0.0.1	204	d46779255f	yes	yes
2025-04-28	ios	production	0.0.1	205	d46779255f	yes	yes
2025-04-28	ios	production	0.0.1	210	90723712c5	yes	yes
2025-04-29	ios	production	0.0.1	211	90723712c5	yes	yes
2025-04-29	ios	production	0.0.1	212	90723712c5	yes	yes
2025-04-29	ios	production	0.0.1	213	90723712c5	yes	yes
2025-04-30	ios	production	0.0.1	220	94ced91ed2	yes	yes
2025-04-30	ios	production	0.0.1	222	94ced91ed2	yes	yes
2025-04-30	ios	production	0.0.1	250	6635d24686	yes	yes
2025-04-30	ios	production	0.0.1	251	501a53c417	yes	yes
2025-04-30	ios	production	0.0.1	253	9b898c6716	yes	yes
2025-04-30	ios	production	0.0.1	260	d73e31002e	yes	yes
2025-04-30	ios	production	0.0.1	300	d73e31002e	yes	yes
2025-04-30	ios	production	0.0.1	301	d73e31002e	yes	yes
2025-04-30	ios	production	0.0.1	302	d73e31002e	yes	yes
2025-04-30	ios	production	0.0.1	305	d73e31002e	yes	yes
2025-04-30	ios	production	0.0.11	1	d73e31002e	yes	yes
2025-04-30	ios	production	0.0.11	2	29e5a443e2	yes	yes
2025-04-30	ios	production	0.0.11	3	29e5a443e2	yes	yes
2025-04-30	ios	production	0.0.11	5	d19d455a83	yes	yes
2025-04-30	ios	production	0.0.11	6	d19d455a83	yes	yes
2025-04-30	ios	production	0.0.11	8	d19d455a83	yes	yes
2025-05-01	ios	production	0.0.11	9	d19d455a83	yes	yes
2025-05-01	ios	production	0.0.11	10	d19d455a83	yes	yes
2025-05-01	ios	production	0.0.11	11	d19d455a83	yes	yes
2025-05-01	ios	production	0.0.11	12	d19d455a83	yes	yes
2025-05-02	ios	production	0.0.11	20	e21cfd89ba	yes	yes
2025-05-02	ios	production	0.0.11	21	c4abecaca0	yes	yes
2025-05-02	ios	production	0.0.11	22	9c38595dbc	yes	yes
2025-05-02	ios	production	0.0.11	23	9c38595dbc	yes	yes
2025-05-02	ios	production	0.0.11	24	9c38595dbc	yes	yes
2025-05-02	ios	production	0.0.11	25	7327ed3b6b	yes	yes
2025-05-02	ios	production	0.0.11	26	7327ed3b6b	yes	yes
2025-05-02	ios	production	0.0.11	30	7327ed3b6b	yes	yes
2025-05-03	ios	production	0.0.11	35	7327ed3b6b	yes	yes
2025-05-03	ios	production	0.0.11	50	7327ed3b6b	yes	yes
2025-05-03	ios	production	0.0.11	100	7327ed3b6b	yes	yes
2025-05-03	ios	production	0.0.11	101	7327ed3b6b	yes	yes
2025-05-03	ios	production	0.0.11	102	7327ed3b6b	yes	yes
2025-05-03	ios	production	0.0.12	1	7327ed3b6b	yes	yes
2025-05-04	ios	production	0.0.12	2	7327ed3b6b	yes	yes
2025-05-04	ios	production	0.0.12	3	7327ed3b6b	yes	yes
2025-05-08	ios	production	0.0.12	4	090495c7eb	yes	yes
2025-05-08	ios	production	0.0.12	6	090495c7eb	yes	yes
2025-05-08	ios	production	0.0.12	7	090495c7eb	yes	yes
2025-05-08	ios	production	0.0.12	8	090495c7eb	yes	yes
2025-05-08	ios	production	0.0.12	9	090495c7eb	yes	yes
2025-05-08	ios	production	0.0.12	10	090495c7eb	yes	yes
2025-05-08	ios	production	0.0.12	12	090495c7eb	yes	yes
2025-05-08	ios	production	0.0.12	13	090495c7eb	yes	yes
2025-05-08	ios	production	0.0.12	14	090495c7eb	yes	yes
2025-05-08	ios	production	0.0.12	15	090495c7eb	yes	yes
2025-05-08	ios	production	0.0.12	16	090495c7eb	yes	yes
2025-05-08	ios	production	0.0.12	20	090495c7eb	yes	yes
2025-05-09	ios	production	0.0.12	30	090495c7eb	yes	yes
2025-05-09	ios	production	0.0.12	35	e8917dbfdb	yes	yes
2025-05-09	ios	production	0.0.12	40	e8917dbfdb	yes	yes
2025-05-09	ios	production	0.0.12	41	e8917dbfdb	yes	yes
2025-05-09	ios	production	0.0.12	42	e8917dbfdb	yes	yes
2025-05-09	ios	production	0.0.12	43	e8917dbfdb	yes	yes
2025-05-09	ios	production	0.0.12	44	e8917dbfdb	yes	yes
2025-05-09	ios	production	0.0.12	50	e8917dbfdb	yes	yes
2025-05-09	ios	production	0.0.12	50	e8917dbfdb	yes	yes
2025-05-09	ios	production	0.0.12	55	e8917dbfdb	yes	yes
2025-05-09	ios	production	0.0.12	60	e8917dbfdb	yes	yes
2025-05-09	ios	production	0.0.12	61	e8917dbfdb	yes	yes
2025-05-09	ios	production	0.0.12	62	e8917dbfdb	yes	yes
2025-05-10	ios	production	0.0.12	65	08a8d46fc3	yes	yes
2025-05-10	ios	production	0.0.12	66	08a8d46fc3	yes	yes
2025-05-10	ios	production	0.0.12	67	08a8d46fc3	yes	yes
2025-05-10	ios	production	0.0.12	68	08a8d46fc3	yes	yes
2025-05-10	ios	production	0.0.12	70	08a8d46fc3	yes	yes
2025-05-10	ios	production	0.0.12	71	08a8d46fc3	yes	yes
2025-05-10	ios	production	0.0.12	72	08a8d46fc3	yes	yes
2025-05-10	ios	production	0.0.12	73	08a8d46fc3	yes	yes
2025-05-10	ios	production	0.0.12	75	08a8d46fc3	yes	yes
2025-05-10	ios	production	0.0.12	80	08a8d46fc3	yes	yes
2025-05-17	ios	production	0.0.12	10	3bc6663dff	yes	yes
2025-05-17	ios	production	0.0.12	10	3bc6663dff	yes	yes
2025-05-17	ios	production	0.0.13	2	3bc6663dff	yes	yes
2025-05-17	ios	production	0.0.13	3	3bc6663dff	yes	yes
2025-05-18	ios	production	0.0.15	3	dfd76b0c87	yes	yes
2025-05-18	ios	production	0.0.15	3	dfd76b0c87	yes	yes
2025-05-22	ios	production	0.0.13	2	4fb2b47ce1	yes	yes
2025-05-22	ios	production	0.0.15	10	4fb2b47ce1	yes	yes
2025-05-22	ios	production	0.0.16	1	4fb2b47ce1	yes	yes
2025-05-23	ios	production	0.0.17	1	112daa63a3	yes	yes
2025-05-23	ios	production	0.0.17	2	112daa63a3	yes	yes
2025-05-23	ios	production	0.0.18	1	47dda63e7b	yes	yes
2025-06-08	ios	production	0.0.18	1	54d601669e	yes	yes
2025-06-08	ios	production	0.0.20	1	54d601669e	yes	yes
2025-06-11	ios	production	0.0.21	1	20f1bf5044	yes	yes
2025-06-17	ios	production	0.0.22	1	6d258ef4df	yes	yes
2025-06-17	ios	production	0.0.22	1	52338d4343	yes	yes
2025-06-18	ios	production	0.0.24	1	8ea2cc8b7c	yes	yes
2025-07-04	ios	production	0.0.24	1	0babdbd753	yes	yes
2025-07-04	ios	production	0.0.25	1	0babdbd753	yes	yes
2025-07-04	ios	production	0.0.25	2	0babdbd753	yes	yes
2025-07-04	ios	production	0.0.25	4	0babdbd753	yes	yes
2025-07-05	ios	production	0.0.25	5	0babdbd753	yes	yes
2025-07-05	ios	production	0.0.25	6	34f892cf56	yes	yes
2025-07-06	ios	production	0.0.25	7	4761d5ba49	yes	yes
2025-07-18	ios	production	0.0.26	13	ff8f5bbe5a	yes	yes
2025-07-18	ios	production	0.0.26	15	ff8f5bbe5a	yes	yes
2025-07-18	ios	production	0.0.26	22	dffd783596	yes	yes
2025-07-18	ios	production	0.0.27	1	dffd783596	yes	yes
2025-07-21	ios	production	0.0.28	1	ac32c01529	yes	yes
2025-07-21	ios	production	0.0.29	1	ac32c01529	yes	yes
2025-07-21	ios	production	0.0.30	1	04132c7616	yes	yes
2025-07-21	ios	production	0.0.32	1	fc4d44b7d8	yes	yes
2025-07-21	ios	production	0.0.33	1	0b85d0bf32	yes	yes
2025-07-21	ios	production	0.0.34	1	9308263902	yes	yes
2025-07-22	ios	production	0.0.35	1	5b12af557f	yes	yes
2025-07-30	ios	production	0.0.37	1	0c82c789df	yes	yes
2025-07-30	ios	production	0.0.37	2	0c82c789df	yes	yes
2025-07-30	ios	production	0.0.38	1	0c82c789df	yes	yes
2025-08-01	ios	production	0.0.40	1	5697ea86d3	yes	yes
2025-10-15	ios	production	0.0.45	25	4ef992d27e	yes	yes
2025-11-23	ios	production	0.0.45	1	ca5fee2493	yes	yes
2025-11-26	ios	production	0.0.50	1	cbc46114b9	yes	yes
2025-11-27	ios	production	0.0.50	1	7fe7b055cc	yes	yes
2025-11-27	ios	production	0.0.50	1	7fe7b055cc	yes	yes
2025-11-27	ios	production	0.0.50	2	7fe7b055cc	yes	yes
2025-11-27	ios	production	0.0.50	3	8f0242ec07	yes	yes
2025-11-27	ios	production	0.0.50	3	24f19f8811	yes	yes
2025-11-27	ios	production	0.0.50	4	24f19f8811	yes	yes
2025-11-27	ios	production	0.0.50	6	24f19f8811	yes	yes
2025-11-27	ios	production	0.0.50	6	4b1d6f6e6a	yes	yes
2025-11-27	ios	production	0.0.50	7	4b1d6f6e6a	yes	yes
2025-11-28	ios	production	0.0.50	7	7d530cc856	yes	yes
2025-11-28	ios	production	0.0.50	8	7d530cc856	yes	yes
2025-11-28	ios	production	0.0.50	8	80da929049	yes	yes
2025-11-28	ios	production	0.0.50	9	b8daff3236	yes	yes
2025-11-28	ios	production	0.0.50	10	18a05de035	yes	yes
2025-11-28	ios	production	0.0.50	11	aecd05ebdc	yes	yes
2025-11-28	ios	production	0.0.51	1	aecd05ebdc	yes	yes
2025-11-30	ios	production	0.0.51	6	d3a2a0d321	yes	yes
2025-11-30	ios	production	0.0.51	7	56a2836c5d	yes	yes
2025-11-30	ios	production	0.0.51	8	5e055c37a2	yes	yes
2025-12-01	ios	production	0.0.51	10	6d67b2ead3	yes	yes
2025-12-01	ios	production	0.0.51	11	6d67b2ead3	yes	yes
2025-12-01	ios	production	0.0.51	12	4dd3009391	yes	yes
2025-12-02	ios	production	0.0.51	13	70b705fd59	yes	yes
2025-12-02	ios	production	0.0.51	14	8fb73fe799	yes	yes
2025-12-02	ios	production	0.0.51	15	00d6475747	yes	yes
2025-12-02	ios	production	0.0.51	16	85cb5d77d7	yes	yes
2025-12-03	ios	production	0.0.51	17	6ed6018556	yes	yes
2025-12-03	ios	production	0.0.51	18	43e24fc70e	yes	yes
2025-12-04	ios	production	0.0.51	19	6b29b7391a	yes	yes
2025-12-06	ios	production	0.0.51	20	f926fd6d6e	yes	yes
2025-12-06	ios	production	0.0.51	21	f4addba6bd	yes	yes
2025-12-06	ios	production	0.0.51	22	75636dc94b	yes	yes
2025-12-11	ios	production	0.0.51	23	4722cbb57b	yes	yes
2025-12-13	ios	production	0.0.52	24	d85f6e2ba7	yes	yes
2025-12-14	ios	production	0.0.53	25	51f4446f19	yes	yes
2025-12-16	ios	production	0.0.53	26	51f4446f19	yes	yes
2025-12-16	ios	production	0.0.53	27	51f4446f19	yes	yes
2026-01-04	ios	production	0.0.54	28	8fb8f6f9de	yes	yes
2026-01-04	ios	production	0.0.55	29	8fb8f6f9de	yes	yes
2026-01-05	ios	production	0.0.56	30	8fb8f6f9de	yes	yes
2026-02-09	ios	production	0.0.56	31	db56061ec6	yes	no
2026-02-10	ios	production	0.0.56	32	db56061ec6	yes	no
2026-02-10	ios	production	0.0.56	33	db56061ec6	yes	no
2026-02-10	ios	production	0.0.56	34	db56061ec6	yes	no
2026-02-10	ios	production	0.0.56	35	db56061ec6	yes	no
2026-02-10	ios	production	0.0.56	37	db56061ec6	yes	no
2026-02-10	ios	production	0.0.56	38	db56061ec6	yes	no
2026-02-10	ios	production	0.0.56	39	db56061ec6	yes	no
2026-02-10	ios	production	0.0.56	40	db56061ec6	yes	no
2026-02-10	ios	production	0.0.56	41	db56061ec6	yes	no
2026-02-10	ios	production	0.0.56	42	db56061ec6	yes	no
2026-02-10	ios	production	0.0.56	43	db56061ec6	yes	no
2026-02-10	ios	production	0.0.57	44	db56061ec6	yes	no
2026-02-14	ios	production	0.0.57	45	2e780f69e5	yes	no
2026-02-15	ios	production	0.0.57	47	2e780f69e5	yes	no
2026-02-15	ios	production	0.0.58	50	ce15097039	yes	no
2026-02-15	ios	production	0.0.58	51	59a27ff7a3	yes	yes
2026-02-15	ios	production	0.0.58	52	59a27ff7a3	yes	yes
2026-02-18	ios	production	0.0.58	53	8d9ef44183	yes	yes
2026-02-18	ios	production	0.0.60	54	8d9ef44183	yes	yes
2026-02-18	ios	production	0.0.60	55	8d9ef44183	yes	yes
2026-02-18	ios	production	0.0.60	56	c998c51cfc	yes	yes
2026-02-18	ios	production	0.0.60	57	c998c51cfc	yes	yes
2026-02-27	ios	production	0.0.60	58	09a13c0a9a	yes	no
2026-02-27	ios	production	0.0.61	59	09a13c0a9a	yes	no
2026-02-27	ios	production	0.0.61	60	09a13c0a9a	yes	no
2026-02-28	ios	production	0.0.61	61	91ed571282	yes	yes
2026-03-01	ios	production	0.0.61	62	8652ce5fa1	yes	no
2026-03-02	ios	production	0.0.61	64	b50e987012	yes	yes
2026-03-02	ios	production	0.0.61	65	4dd2b54f1d	yes	yes
2026-03-02	ios	production	0.0.61	66	67516f7c03	yes	yes
2026-03-02	ios	production	0.0.61	68	67516f7c03	yes	yes
2026-03-02	ios	production	0.0.61	69	67516f7c03	yes	yes
2026-03-02	ios	production	0.0.61	70	67516f7c03	yes	yes
2026-03-03	ios	production	0.0.61	71	d78d9882b1	yes	yes
2026-03-03	ios	production	0.0.61	72	02dc647b26	yes	no
2026-03-04	ios	production	0.0.61	76	1b3cbc0c00	yes	no
2026-03-04	ios	production	0.0.61	77	d170783ed6	yes	no
2026-03-04	ios	production	0.0.61	78	8f1a88d186	yes	no
2026-03-04	ios	production	0.0.61	79	8f1a88d186	yes	no
2026-03-04	ios	production	0.0.61	80	8f1a88d186	yes	no
2026-03-04	ios	production	0.0.61	84	-	no	no
2026-03-05	ios	production	0.0.61	85	-	no	no
2026-03-05	ios	production	0.0.61	86	-	no	no
2026-03-05	ios	production	0.0.61	87	-	no	no
2026-03-05	ios	production	0.0.61	88	-	no	no
2026-03-05	ios	production	0.0.61	89	-	no	no
2026-03-05	ios	production	0.0.61	90	-	no	no
2026-03-05	ios	production	0.0.61	91	-	no	no
2026-03-05	ios	production	0.0.61	92	-	no	no
2026-03-06	ios	production	0.0.61	93	-	no	no
2026-03-06	ios	production	0.0.61	94	-	no	no
2026-03-06	ios	production	0.0.61	95	-	no	no
2026-03-06	ios	production	0.0.61	96	-	no	no
2026-03-06	ios	production	0.0.61	97	-	no	no
2026-03-06	ios	production	0.0.61	98	-	no	no
2026-03-06	ios	production	0.0.61	99	-	no	no
2026-03-06	ios	production	0.0.61	100	-	no	no
2026-03-06	ios	production	0.0.61	101	-	no	no
2026-03-06	ios	production	0.0.61	102	-	no	no
2026-03-07	ios	production	0.0.61	103	-	no	no
2026-03-08	ios	production	0.0.61	104	-	no	no
2026-03-08	ios	production	0.0.61	105	-	no	no
2026-03-08	ios	production	0.0.61	106	-	no	no
2026-03-08	ios	production	0.0.61	107	-	no	no
2026-03-08	ios	production	0.0.61	108	-	no	no
2026-03-08	ios	production	0.0.61	109	-	no	no
2026-03-08	ios	production	0.0.61	110	-	no	no
2026-03-08	ios	production	0.0.61	111	-	no	no
2026-03-08	ios	production	0.0.61	112	-	no	no
2026-03-11	ios	production	0.0.61	113	-	no	no
2026-03-11	ios	production	0.0.61	114	-	no	no
2026-04-03	ios	production	0.0.61	115	-	no	no
2026-04-06	ios	production	0.0.61	116	-	no	no
2026-04-06	ios	production	0.0.61	117	-	no	no
2026-04-08	ios	production	0.0.62	118	-	no	no
2026-04-08	ios	production	0.0.62	119	-	no	no
2026-04-08	ios	production	0.0.62	120	-	no	no
2026-04-08	ios	production	0.0.62	121	-	no	no
2026-04-26	ios	production	0.0.63	123	-	no	no
2026-04-26	ios	production	0.0.63	124	-	no	no
2026-04-26	ios	production	0.0.63	126	-	no	no
2026-04-28	ios	production	0.0.63	127	-	no	no
2026-04-30	ios	production	0.0.63	133	-	no	no
2026-05-01	ios	production	0.0.63	135	-	no	no
2026-05-14	ios	production	0.0.63	136	-	no	no
2026-05-15	ios	production	0.0.63	137	-	no	no
2026-05-15	ios	production	0.0.63	138	-	no	no
2026-05-16	ios	production	0.0.63	139	-	no	no
2026-05-16	ios	production	0.0.63	140	-	no	no
2026-05-16	ios	production	0.0.63	141	-	no	no
2026-05-17	ios	production	0.1.0	143	-	no	no
2026-05-18	ios	production	0.1.0	144	-	no	no
2026-05-18	ios	production	0.1.0	145	-	no	no
2026-05-18	ios	production	0.1.0	146	-	no	no
2026-05-18	ios	production	0.1.0	147	-	no	no
2026-05-18	ios	production	0.1.0	150	-	no	no
2026-05-18	ios	production	0.1.0	151	-	no	no
2026-05-19	ios	production	0.1.0	155	-	no	no
2026-06-07	ios	production	0.1.0	160	-	no	no
2026-06-07	ios	production	0.1.0	161	-	no	no
2026-06-07	ios	production	0.1.0	162	-	no	no
2026-06-07	ios	production	0.1.0	163	-	no	no
2026-06-07	ios	production	0.1.0	164	-	no	no
2026-06-07	ios	production	0.1.0	165	-	no	no
2026-06-07	ios	production	0.1.0	166	-	no	no
2026-06-08	ios	production	0.1.0	167	-	no	no
2026-06-08	ios	production	0.1.0	169	-	no	no
2026-06-26	android	production	0.1.0	19	-	no	no
2026-06-27	android	production-apk	0.1.0	19	-	no	no
2026-06-27	ios	production	0.1.0	171	-	no	no
2026-06-28	ios	production	0.1.0	172	-	no	no
2026-06-28	android	production	0.1.0	20	-	no	no
2026-06-28	android	production	0.1.1	21	-	no	no
2026-06-28	ios	production	0.1.1	173	-	no	no
2026-06-28	android	production-apk	0.1.1	21	-	no	no
2026-06-28	android	production-apk	0.1.1	21	-	no	no
2026-06-28	android	production-apk	0.1.1	21	-	no	no
2026-06-28	android	production-apk	0.1.1	21	-	no	no
2026-09-12	ios	production	0.1.2	175	148ebd085a	yes	yes
2026-09-12	android	production	0.1.2	23	148ebd085a	yes	yes
2026-09-12	ios	production	0.1.3	176	d9ad12c4bd	yes	yes
2026-09-12	android	production	0.1.3	24	d9ad12c4bd	yes	yes
